{
  "routes": [
    {
      "route": "/api/*",
      "allowedRoles": ["anonymous"]
    }
  ],
  "navigationFallback": {
    "rewrite": "/index.html",
    "exclude": ["/static/*", "/*.ico", "/*.png", "/*.jpg", "/*.svg"]
  },
  "responseOverrides": {
    "404": {
      "rewrite": "/index.html",
      "statusCode": 200
    }
  },
  "globalHeaders": {
    "X-Content-Type-Options": "nosniff",
    "X-Frame-Options": "DENY",
    "Content-Security-Policy": "default-src 'self'; script-src 'self' 'unsafe-inline'; style-src 'self' 'unsafe-inline' https://fonts.googleapis.com; font-src 'self' https://fonts.gstatic.com; connect-src 'self' https://*.azurewebsites.net"
  }
}
